model,metric,mean,std,ci_lower,ci_upper,ci_str
densenet121,macro_f1,0.8485,0.0061,0.84,0.8571,0.8485 (95% CI: 0.8400–0.8571)
densenet121,macro_auc,0.9748,0.0033,0.9702,0.9794,0.9748 (95% CI: 0.9702–0.9794)
densenet121,hr_recall,0.9582,0.0061,0.9498,0.9666,0.9582 (95% CI: 0.9498–0.9666)
efficientnet_b0,macro_f1,0.8361,0.0061,0.8276,0.8446,0.8361 (95% CI: 0.8276–0.8446)
efficientnet_b0,macro_auc,0.9677,0.0041,0.962,0.9733,0.9677 (95% CI: 0.9620–0.9733)
efficientnet_b0,hr_recall,0.9517,0.0052,0.9444,0.9589,0.9517 (95% CI: 0.9444–0.9589)
deit_tiny,macro_f1,0.825,0.0167,0.8019,0.8481,0.8250 (95% CI: 0.8019–0.8481)
deit_tiny,macro_auc,0.9698,0.0035,0.9649,0.9747,0.9698 (95% CI: 0.9649–0.9747)
deit_tiny,hr_recall,0.9549,0.0094,0.9419,0.9679,0.9549 (95% CI: 0.9419–0.9679)
